other_subtype,rank,token,count
complexity,1,favorite,2
complexity,2,strongly,2
complexity,3,disagree,2
complexity,4,agree,2
complexity,5,animal,1
complexity,6,crossing,1
complexity,7,character,1
complexity,8,rank,1
complexity,9,sza,1
complexity,10,songs,1
complexity,11,best,1
complexity,12,worst,1
complexity,13,choose,1
complexity,14,number,1
complexity,15,between,1
complexity,16,hte,1
complexity,17,fuck,1
complexity,18,battle,1
complexity,19,uno,1
complexity,20,dieci,1
complexity,21,quanto,1
complexity,22,difficile,1
complexity,23,mod,1
complexity,24,minecraft,1
complexity,25,dwelles,1
complexity,26,top,1
complexity,27,three,1
complexity,28,animals,1
complexity,29,bana,1
complexity,30,soru,1
complexity+real_world,1,what's,2
complexity+real_world,2,gracias,1
complexity+real_world,3,best,1
complexity+real_world,4,way,1
complexity+real_world,5,get,1
complexity+real_world,6,new,1
complexity+real_world,7,gamecube,1
complexity+real_world,8,controllers,1
complexity+real_world,9,red,1
complexity+real_world,10,magic,1
complexity+real_world,11,pro,1
complexity+real_world,12,normal,1
complexity+real_world,13,price,1
complexity+real_world,14,oil,1
complexity+real_world,15,change,1
complexity+real_world,16,paid,1
complexity+real_world,17,seattle,1
complexity+real_world,18,seems,1
complexity+real_world,19,very,1
complexity+real_world,20,high,1
complexity+real_world,21,szylinga,1
complexity+real_world,22,pozna,1
complexity+real_world,23,czy,1
complexity+real_world,24,jest,1
complexity+real_world,25,tam,1
complexity+real_world,26,parking,1
complexity+real_world,27,hello,1
complexity+real_world,28,know,1
complexity+real_world,29,contact,1
complexity+real_world,30,solar,1
complexity+specificity,1,number,17
complexity+specificity,2,between,17
complexity+specificity,3,guess,14
complexity+specificity,4,many,10
complexity+specificity,5,sentence,4
complexity+specificity,6,dzie,3
complexity+specificity,7,there,3
complexity+specificity,8,jaki,2
complexity+specificity,9,repeat,2
complexity+specificity,10,word,2
complexity+specificity,11,pick,2
complexity+specificity,12,random,2
complexity+specificity,13,letter,2
complexity+specificity,14,pounds,2
complexity+specificity,15,feathers,2
complexity+specificity,16,r's,2
complexity+specificity,17,t's,2
complexity+specificity,18,mamy,1
complexity+specificity,19,dzisiaj,1
complexity+specificity,20,data,1
complexity+specificity,21,tygodnia,1
complexity+specificity,22,ever,1
complexity+specificity,23,lie,1
complexity+specificity,24,e's,1
complexity+specificity,25,seeedberrey,1
complexity+specificity,26,whats,1
complexity+specificity,27,weighs,1
complexity+specificity,28,more,1
complexity+specificity,29,stones,1
complexity+specificity,30,heavier,1
complexity+specificity+real_world,1,way,2
complexity+specificity+real_world,2,fastest,1
complexity+specificity+real_world,3,get,1
complexity+specificity+real_world,4,fresno,1
complexity+specificity+real_world,5,many,1
complexity+specificity+real_world,6,files,1
complexity+specificity+real_world,7,upload,1
complexity+specificity+real_world,8,asking,1
complexity+specificity+real_world,9,question,1
complexity+specificity+real_world,10,write,1
complexity+specificity+real_world,11,message,1
complexity+specificity+real_world,12,unit,1
complexity+specificity+real_world,13,heads,1
complexity+specificity+real_world,14,leader,1
complexity+specificity+real_world,15,assistant,1
complexity+specificity+real_world,16,there,1
complexity+specificity+real_world,17,meetings,1
complexity+specificity+real_world,18,tonight,1
complexity+specificity+real_world,19,want,1
complexity+specificity+real_world,20,hand,1
complexity+specificity+real_world,21,deck,1
complexity+specificity+real_world,22,discuss,1
complexity+specificity+real_world,23,forwad,1
complexity+specificity+real_world,24,youth,1
complexity+specificity+real_world,25,fold,1
complexity+specificity+real_world,26,mail,1
complexity+specificity+real_world,27,friends,1
complexity+specificity+real_world,28,free,1
complexity+specificity+real_world,29,weekend,1
complexity+specificity+real_world,30,party,1
none,1,cases,2237
none,2,anon,2235
none,3,kalnes,2235
none,4,nii,1296
none,5,json,939
none,6,roi,328
none,7,one,190
none,8,i'm,180
none,9,blocked,174
none,10,there,149
none,11,que,145
none,12,hello,144
none,13,best,141
none,14,know,132
none,15,more,125
none,16,time,122
none,17,think,118
none,18,does,113
none,19,string,113
none,20,i've,112
none,21,life,111
none,22,what's,107
none,23,lmarena,106
none,24,don't,104
none,25,want,104
none,26,been,103
none,27,own,103
none,28,it's,101
none,29,day,100
none,30,com,100
real_world,1,vote,4
real_world,2,ile,1
real_world,3,kosztuj,1
real_world,4,przek,1
real_world,5,ski,1
real_world,6,poci,1
real_world,7,kandy,1
real_world,8,ella,1
real_world,9,pay,1
real_world,10,austria,1
real_world,11,bus,1
real_world,12,get,1
real_world,13,sandwhich,1
real_world,14,jaka,1
real_world,15,bedzie,1
real_world,16,pogoda,1
real_world,17,bkach,1
real_world,18,srody,1
real_world,19,niedzieli,1
real_world,20,start,1
real_world,21,voting,1
real_world,22,assemblers,1
real_world,23,change,1
real_world,24,pvc,1
real_world,25,wall,1
real_world,26,roof,1
real_world,27,tenthall,1
real_world,28,stockholm,1
real_world,29,area,1
real_world,30,able,1
specificity,1,user,26
specificity,2,epic,24
specificity,3,story,24
specificity,4,must,21
specificity,5,system,18
specificity,6,website,14
specificity,7,number,10
specificity,8,customers,10
specificity,9,word,8
specificity,10,translate,8
specificity,11,allow,8
specificity,12,owner,8
specificity,13,sentence,7
specificity,14,one,7
specificity,15,following,7
specificity,16,between,7
specificity,17,orders,7
specificity,18,order,7
specificity,19,answer,6
specificity,20,german,6
specificity,21,say,6
specificity,22,give,5
specificity,23,provide,5
specificity,24,data,5
specificity,25,english,5
specificity,26,jest,4
specificity,27,first,4
specificity,28,products,4
specificity,29,customer,4
specificity,30,only,4
specificity+real_world,1,translate,3
specificity+real_world,2,turkish,3
specificity+real_world,3,ios,3
specificity+real_world,4,writing,3
specificity+real_world,5,down,3
specificity+real_world,6,ideas,3
specificity+real_world,7,speak,3
